,color,director_name,num_critic_for_reviews,duration,director_facebook_likes,actor_3_facebook_likes,actor_2_name,actor_1_facebook_likes,gross,genres,actor_1_name,movie_title,num_voted_users,cast_total_facebook_likes,actor_3_name,facenumber_in_poster,plot_keywords,movie_movie_link,num_user_for_reviews,language,country,content_rating,budget,title_year,actor_2_facebook_likes,movie_score,aspect_ratio,movie_facebook_likes,profit
0,Color,James Cameron,723.0,178.0,0.0,855.0,Joel David Moore,1000.0,760505847.0,Action|Adventure|Fantasy|Sci-Fi,CCH Pounder,Avatar¬†,886204,4834,Wes Studi,0.0,avatar|future|marine|native|paraplegic,http://www.movie.com/title/tt0499549/?ref_=fn_tt_tt_1,3054.0,English,USA,PG-13,237000000.0,2009.0,936.0,7.9,1.78,33000,523505847.0
29,Color,Colin Trevorrow,644.0,124.0,365.0,1000.0,Judy Greer,3000.0,652177271.0,Action|Adventure|Sci-Fi|Thriller,Bryce Dallas Howard,Jurassic World¬†,418214,8458,Omar Sy,0.0,dinosaur|disaster film|experiment gone wrong|jurassic park|velociraptor,http://www.movie.com/title/tt0369610/?ref_=fn_tt_tt_1,1290.0,English,USA,PG-13,150000000.0,2015.0,2000.0,7.0,2.0,150000,502177271.0
26,Color,James Cameron,315.0,194.0,0.0,794.0,Kate Winslet,29000.0,658672302.0,Drama|Romance,Leonardo DiCaprio,Titanic¬†,793059,45223,Gloria Stuart,0.0,artist|love|ship|titanic|wet,http://www.movie.com/title/tt0120338/?ref_=fn_tt_tt_1,2528.0,English,USA,PG-13,200000000.0,1997.0,14000.0,7.7,2.35,26000,458672302.0
3024,Color,George Lucas,282.0,125.0,0.0,504.0,Peter Cushing,11000.0,460935665.0,Action|Adventure|Fantasy|Sci-Fi,Harrison Ford,Star Wars: Episode IV - A New Hope¬†,911097,13485,Kenny Baker,1.0,death star|empire|galactic war|princess|rebellion,http://www.movie.com/title/tt0076759/?ref_=fn_tt_tt_1,1470.0,English,USA,PG,11000000.0,1977.0,1000.0,8.7,2.35,33000,449935665.0
3080,Color,Steven Spielberg,215.0,120.0,14000.0,548.0,Dee Wallace,861.0,434949459.0,Family|Sci-Fi,Henry Thomas,E.T. the Extra-Terrestrial¬†,281842,2811,Peter Coyote,0.0,bicyclist|boy|doll|star wars reference|voice impersonation,http://www.movie.com/title/tt0083866/?ref_=fn_tt_tt_1,515.0,English,USA,PG,10500000.0,1982.0,725.0,7.9,1.85,34000,424449459.0
794,Color,Joss Whedon,703.0,173.0,0.0,19000.0,Robert Downey Jr.,26000.0,623279547.0,Action|Adventure|Sci-Fi,Chris Hemsworth,The Avengers¬†,995415,87697,Scarlett Johansson,3.0,alien invasion|assassin|battle|iron man|soldier,http://www.movie.com/title/tt0848228/?ref_=fn_tt_tt_1,1722.0,English,USA,PG-13,220000000.0,2012.0,21000.0,8.1,1.85,123000,403279547.0
17,Color,Joss Whedon,703.0,173.0,0.0,19000.0,Robert Downey Jr.,26000.0,623279547.0,Action|Adventure|Sci-Fi,Chris Hemsworth,The Avengers¬†,995415,87697,Scarlett Johansson,3.0,alien invasion|assassin|battle|iron man|soldier,http://www.movie.com/title/tt0848228/?ref_=fn_tt_tt_1,1722.0,English,USA,PG-13,220000000.0,2012.0,21000.0,8.1,1.85,123000,403279547.0
509,Color,Roger Allers,186.0,73.0,28.0,847.0,Nathan Lane,2000.0,422783777.0,Adventure|Animation|Drama|Family|Musical,Matthew Broderick,The Lion King¬†,644348,6458,Niketa Calame,0.0,king|prince|scar|uncle|unnecessary guilt,http://www.movie.com/title/tt0110357/?ref_=fn_tt_tt_1,656.0,English,USA,G,45000000.0,1994.0,886.0,8.5,1.66,17000,377783777.0
240,Color,George Lucas,320.0,136.0,0.0,1000.0,Liam Neeson,20000.0,474544677.0,Action|Adventure|Fantasy|Sci-Fi,Natalie Portman,Star Wars: Episode I - The Phantom Menace¬†,534658,37723,Ian McDiarmid,1.0,alien|character says i have a bad feeling about this|hand to hand combat|seven word title|wilhelm scream,http://www.movie.com/title/tt0120915/?ref_=fn_tt_tt_1,3597.0,English,USA,PG,115000000.0,1999.0,14000.0,6.5,2.35,13000,359544677.0
66,Color,Christopher Nolan,645.0,152.0,22000.0,11000.0,Heath Ledger,23000.0,533316061.0,Action|Crime|Drama|Thriller,Christian Bale,The Dark Knight¬†,1676169,57802,Morgan Freeman,0.0,based on comic book|dc comics|psychopath|star died before release|urban setting,http://www.movie.com/title/tt0468569/?ref_=fn_tt_tt_1,4667.0,English,USA,PG-13,185000000.0,2008.0,13000.0,9.0,2.35,37000,348316061.0
